addressCity,addressState,area,baths,beds,latitude,longitude,price
San Diego,CA,,,,32.94388,-117.237528,
SAN DIEGO,CA,3075,3.0,5,33.004779,-117.11568,"$4,200/mo"
San Diego,CA,1454,3.0,3,32.997999,-117.07016,"$2,750/mo"
San Diego,CA,1200,2.5,2,32.73726,-117.17339,"$4,000/mo"
San Diego,CA,900,1.5,2,32.756715,-117.11222,"$2,150/mo"
San Diego,CA,,,,32.746585,-117.179542,
San Diego,CA,,,,32.734375,-117.17048,
San Diego,CA,839,2.0,2,32.751067,-117.10532,"$2,100/mo"
San Diego,CA,,,,32.879381,-117.210623,
San Diego,CA,,,,32.710258,-117.1461,
San Diego,CA,850,1.0,2,32.904736,-117.137486,"$2,195/mo"
San Diego,CA,,,,32.750435,-117.163733,
San Diego,CA,1315,2.0,3,32.781759,-117.109338,"$2,695/mo"
San Diego,CA,741,1.0,1,32.91957,-117.114333,"$2,310/mo"
San Diego,CA,1221,1.5,3,32.859029,-117.22035,"$2,850/mo"
San Diego,CA,,,,32.71595,-117.159868,
San Diego,CA,1300,1.0,2,32.75708,-117.0613,"$2,300/mo"
San Diego,CA,1540,2.0,3,32.768701,-117.06357,"$3,600/mo"
San Diego,CA,,,,32.716388,-117.154124,
San Diego,CA,600,1.0,1,32.756054,-117.083919,"$1,499/mo"
San Diego,CA,,,,32.759397,-117.150385,
San Diego,CA,2807,2.5,4,32.948694,-117.222099,"$4,200/mo"
San Diego,CA,,,,32.749314,-117.163898,
San Diego,CA,2077,2.5,4,32.939908,-117.160275,"$3,400/mo"
San Diego,CA,,,,32.709864,-117.152521,
San Diego,CA,,,,32.957276,-117.12231,
San Diego,CA,,,,32.711805,-117.15313,
San Diego,CA,,,,32.798217,-117.094167,
San Diego,CA,,,,32.748869,-117.166962,
San Diego,CA,,,,32.773412,-117.151286,
San Diego,CA,,,,32.712082,-117.150823,
San Diego,CA,865,1.0,2,32.77791,-117.20562,"$2,925/mo"
La Jolla,CA,1000,2.0,2,32.840047,-117.275855,"$2,850/mo"
San Diego,CA,1400,2.5,2,32.752217,-117.150896,"$3,100/mo"
San Diego,CA,,,,32.78434,-117.113281,
San Diego,CA,1230,2.0,2,33.001418,-117.08303,"$2,595/mo"
San Diego,CA,,,,32.725975,-117.168594,
San Diego,CA,,,,32.947187,-117.235589,
San Diego,CA,,,,32.961095,-117.189652,
San Diego,CA,,,,32.868674,-117.201678,
San Diego,CA,,,,32.95122,-117.237136,
San Diego,CA,,,,32.826929,-117.139117,
San Diego,CA,,,,32.958253,-117.23366,
San Diego,CA,,,,32.941878,-117.11212,
San Diego,CA,,,,33.006898,-117.095774,
San Diego,CA,,,,32.71426,-117.148922,
San Diego,CA,,,,32.751747,-117.219955,
San Diego,CA,,,,32.712086,-117.152385,
San Diego,CA,,,,32.715733,-117.149026,
San Diego,CA,,,,32.802526,-117.038093,
San Diego,CA,,,,32.753143,-117.223514,
San Diego,CA,,,,32.916058,-117.227069,
San Diego,CA,,,,32.775398,-117.141357,
San Diego,CA,,,,32.752342,-117.233676,
San Diego,CA,1611,2.5,4,32.929609,-117.122919,"$3,100/mo"
San Diego,CA,,,,32.978143,-117.080456,
San Diego,CA,,,,32.918424,-117.21361,
San Diego,CA,,,,32.722858,-117.16787,
San Diego,CA,,,,32.917515,-117.230522,
San Diego,CA,,,,32.708509,-117.152045,
San Diego,CA,,,,32.864096,-117.208736,
San Diego,CA,,,,32.951836,-117.109422,
San Diego,CA,,,,32.944614,-117.234689,
Del Mar,CA,1298,2.5,2,32.98238,-117.25186,"$3,500/mo"
San Diego,CA,,,,32.712262,-117.157854,
San Diego,CA,,,,32.800531,-117.193541,
San Diego,CA,900,2.0,2,32.807859,-117.15596,"$1,800/mo"
San Diego,CA,,,,32.712265,-117.158935,
San Diego,CA,,,,32.784348,-117.127897,
San Diego,CA,,,,32.827719,-117.138138,
San Diego,CA,,,,32.801164,-117.212516,
San Diego,CA,,,,32.706426,-117.154828,
San Diego,CA,,,,32.866391,-117.219112,
San Diego,CA,,,,32.722478,-117.169598,
San Diego,CA,,,,32.7065,-117.154809,
La Jolla,CA,,,,32.841976,-117.279546,
San Diego,CA,,,,32.795215,-117.108725,
San Diego,CA,,,,32.798506,-117.012757,
San Diego,CA,,,,32.760432,-117.175576,
San Diego,CA,2300,2.0,4,32.827959,-117.08559,"$3,850/mo"
San Diego,CA,863,2.0,2,32.806739,-117.155424,"$1,799/mo"
San Diego,CA,,,,32.724126,-117.166987,
San Diego,CA,,1.0,1,32.726345,-117.163149,"$1,550/mo"
San Diego,CA,,,,32.760057,-117.138486,
San Diego,CA,604,1.0,1,32.783372,-117.110582,"$1,625/mo"
San Diego,CA,1450,1.0,3,32.71474,-117.14217,"$3,500/mo"
San Diego,CA,1268,1.0,3,32.683825,-117.107391,"$2,388/mo"
San Diego,CA,,,,32.724221,-117.170873,
San Diego,CA,850,2.5,2,32.753971,-117.123564,"$2,200/mo"
San Diego,CA,,,,32.57524,-117.03545,
San Diego,CA,,,,32.776958,-117.151525,
San Diego,CA,,,,32.80221,-117.152922,
San Diego,CA,,,,32.70985,-117.151192,
San Diego,CA,,,,32.866318,-117.226322,
San Diego,CA,,,,32.867618,-117.226268,
San Diego,CA,,,,32.867458,-117.221212,
San Diego,CA,1320,3.0,3,32.930537,-117.095746,"$2,950/mo"
La Jolla,CA,,,,32.874477,-117.21731,
San Diego,CA,,,,32.797494,-117.117638,
San Diego,CA,,,,32.739528,-117.160518,
San Diego,CA,,,,32.75442,-117.138645,
San Diego,CA,,,,32.827278,-117.140082,
San Diego,CA,,,,32.778418,-117.129208,
San Diego,CA,1866,1.5,2,32.755647,-117.151023,"$2,700/mo"
San Diego,CA,,,,32.784995,-117.096061,
San Diego,CA,,,,32.765331,-117.158487,
San Diego,CA,,,,32.718621,-117.157152,
San Diego,CA,,,,32.958227,-117.192792,
San Diego,CA,,,,32.721623,-117.165323,
San Diego,CA,,,,32.753776,-117.220035,
San Diego,CA,,,,32.714177,-117.153318,
San Diego,CA,,,,32.913049,-117.119369,
San Diego,CA,,,,32.589325,-117.031085,
San Diego,CA,,1.0,1,32.729763,-117.226702,"$1,550/mo"
San Diego,CA,1529,1.0,3,32.747641,-117.139458,"$2,595/mo"
San Diego,CA,1636,2.5,3,32.928257,-117.198609,"$3,595/mo"
San Diego,CA,,,,32.869808,-117.223409,
San Diego,CA,576,1.0,1,32.746758,-117.087275,"$1,250/mo"
San Diego,CA,,,,32.71512,-117.169579,
San Diego,CA,,,,32.909165,-117.167542,
San Diego,CA,,,,32.909165,-117.167542,
San Diego,CA,700,1.0,2,32.724379,-117.12751,"$1,650/mo"
San Diego,CA,900,2.0,2,32.757651,-117.067975,"$2,100/mo"
La Jolla,CA,,,,32.865682,-117.235724,
San Diego,CA,,,,32.867604,-117.212148,
San Diego,CA,,,,32.712091,-117.151474,
San Diego,CA,1825,2.5,3,32.962234,-117.186255,"$3,800/mo"
San Diego,CA,,,,32.862945,-117.227936,
San Diego,CA,,,,32.716548,-117.156363,
San Diego,CA,,,,32.726703,-117.170351,
San Diego,CA,900,2.0,2,32.787987,-117.096343,"$1,750/mo"
La Jolla,CA,1870,2.0,2,32.847813,-117.262899,"$3,800/mo"
San Diego,CA,420,1.0,0,32.764467,-117.137561,"$1,330+/mo"
San Diego,CA,950,2.0,2,33.026248,-117.082221,"$2,100/mo"
San Diego,CA,,,,33.020859,-117.116481,
San Diego,CA,600,1.0,1,32.744146,-117.147688,"$1,600/mo"
San Diego,CA,,,,32.723132,-117.167842,
San Diego,CA,,1.0,0,32.68641,-117.104119,$995/mo
San Diego,CA,,,,32.719264,-117.15615,
San Diego,CA,,,,32.870752,-117.201927,
San Diego,CA,,,,32.827573,-117.136695,
San Diego,CA,,,,32.730863,-117.160739,
San Diego,CA,1100,2.0,3,32.763295,-117.13743,"$2,250/mo"
San Diego,CA,1130,2.0,3,32.805034,-117.142993,"$2,550/mo"
San Diego,CA,,,,32.70863,-117.158171,
San Diego,CA,1131,1.5,3,32.961714,-117.116257,"$2,450/mo"
San Diego,CA,,,,32.955461,-117.232517,
San Diego,CA,,,,32.713108,-117.170515,
San Diego,CA,1664,3.0,4,32.571295,-117.063571,"$2,600/mo"
San Diego,CA,895,2.0,2,32.782778,-117.251754,"$2,600/mo"
San Diego,CA,,,,32.785305,-117.131747,
San Diego,CA,1100,1.5,2,32.875494,-117.208231,"$2,200/mo"
San Diego,CA,432,1.0,0,32.766878,-117.180384,"$1,200/mo"
San Diego,CA,700,1.0,2,32.75698,-117.06612,"$1,650/mo"
San Diego,CA,1444,2.0,2,33.019117,-117.070496,"$2,500/mo"
San Diego,CA,,,,33.00164,-117.074799,
San Diego,CA,900,1.0,1,32.724012,-117.167286,"$2,395/mo"
San Diego,CA,,1.5,3,32.739818,-117.130218,"$3,200/mo"
San Diego,CA,800,2.0,2,32.75407,-117.08763,"$1,750/mo"
San Diego,CA,700,1.0,2,32.761158,-117.071636,"$1,495/mo"
San Diego,CA,700,1.0,2,32.761158,-117.071636,"$1,495/mo"
San Diego,CA,,,,32.722991,-117.167886,
San Diego,CA,900,2.0,2,32.754081,-117.104298,"$1,725/mo"
San Diego,CA,642,1.0,1,32.809175,-117.258197,"$2,500/mo"
San Diego,CA,854,2.0,1,32.813816,-117.085839,"$1,995/mo"
San Diego,CA,2026,2.5,3,32.98138,-117.069961,"$3,200/mo"
La Jolla,CA,1300,1.0,1,32.848588,-117.270858,"$5,000/mo"
San Diego,CA,1838,3.0,4,32.738086,-117.107931,"$2,900/mo"
San Diego,CA,1988,2.5,4,32.94336,-117.22689,"$3,950/mo"
San Diego,CA,451,1.0,1,32.745139,-117.148379,"$1,975/mo"
San Diego,CA,1350,2.0,3,32.753698,-117.110075,"$2,750/mo"
San Diego,CA,570,1.0,1,32.755903,-117.088694,"$1,445/mo"
La Jolla,CA,1714,3.0,3,32.868342,-117.234642,"$3,000/mo"
San Diego,CA,625,1.0,2,32.743636,-117.170835,"$1,825+/mo"
San Diego,CA,913,2.0,2,32.794145,-117.230469,"$3,250/mo"
San Diego,CA,,1.0,1,32.758074,-117.090801,"$1,425/mo"
San Diego,CA,,,,32.806708,-117.149353,
La Jolla,CA,,1.0,1,32.823591,-117.275436,"$2,595/mo"
San Diego,CA,775,1.0,1,32.743242,-117.121355,"$1,950/mo"
San Diego,CA,680,1.0,1,32.756562,-117.128588,"$1,390/mo"
San Diego,CA,,,,32.759998,-117.082424,
San Diego,CA,1000,1.0,2,32.796151,-117.249721,"$1,975/mo"
San Diego,CA,954,2.0,2,32.925566,-117.141704,"$2,350/mo"
San Diego,CA,1682,2.5,3,32.963566,-117.155663,"$2,850/mo"
San Diego,CA,300,1.0,0,32.759228,-117.076404,"$1,300/mo"
San Diego,CA,,,,32.991388,-117.06909,
San Diego,CA,1209,2.0,2,33.0302,-117.076428,"$2,495/mo"
San Diego,CA,,,,32.787325,-117.096242,
San Diego,CA,600,1.0,1,32.802902,-117.199779,"$1,650/mo"
San Diego,CA,4050,5.0,5,32.969279,-117.190294,"$7,000/mo"
San Diego,CA,,,,32.864554,-117.228144,
San Diego,CA,880,2.0,2,32.748179,-117.114715,"$1,985/mo"
San Diego,CA,1350,2.5,3,32.802858,-117.213497,"$3,090/mo"
San Diego,CA,2769,3.0,4,32.927318,-117.210421,"$6,200/mo"
San Diego,CA,,,,32.767542,-117.173513,
San Diego,CA,,,,32.879649,-117.212144,
San Diego,CA,817,1.0,2,32.800399,-117.246917,"$3,400/mo"
San Diego,CA,,1.0,2,32.704912,-117.087485,"$1,350/mo"
San Diego,CA,2076,3.0,4,32.747159,-117.165432,"$4,400/mo"
San Diego,CA,,,,32.752769,-117.231697,
San Diego,CA,900,2.0,2,32.76095,-117.145253,"$1,895/mo"
San Diego,CA,,1.0,0,32.714449,-117.138462,"$1,595/mo"
San Diego,CA,,1.0,1,32.717214,-117.12893,"$1,750/mo"
San Diego,CA,,,,32.961458,-117.091091,
San Diego,CA,849,2.0,2,32.759697,-117.083277,"$2,045/mo"
San Diego,CA,2302,2.5,3,32.976732,-117.204916,"$4,650/mo"
San Diego,CA,1400,2.0,3,32.715024,-117.131923,"$3,495/mo"
San Diego,CA,,,,32.840254,-117.082694,
San Diego,CA,2100,2.5,4,32.904631,-117.076323,"$3,700/mo"
San Diego,CA,,2.0,2,32.794564,-117.123088,"$1,995/mo"
San Diego,CA,400,1.0,1,32.699193,-117.122834,"$1,195/mo"
San Diego,CA,,1.0,0,32.696651,-117.137834,"$1,125/mo"
San Diego,CA,,,,32.754075,-117.161671,
San Diego,CA,,,,32.71092,-117.163308,
San Diego,CA,1800,2.0,4,32.771532,-117.05824,"$3,900/mo"
San Diego,CA,1120,2.0,3,32.830275,-117.216559,"$2,650/mo"
San Diego,CA,,1.0,1,32.757955,-117.106256,"$1,295/mo"
La Jolla,CA,1800,2.0,4,32.812776,-117.267719,"$5,100/mo"
San Diego,CA,2344,2.5,2,33.034045,-117.074541,"$3,700/mo"
San Diego,CA,1749,2.0,3,32.962376,-117.140172,"$3,100/mo"
San Diego,CA,1200,3.0,3,32.745533,-117.153012,"$5,250/mo"
San Diego,CA,700,1.0,1,32.71642,-117.12316,"$1,375/mo"
San Diego,CA,,,,32.788415,-117.110026,
San Diego,CA,1686,2.0,4,32.93238,-117.14265,"$3,295/mo"
SAN DIEGO,CA,1500,2.5,3,32.86708,-117.21059,"$3,500/mo"
San Diego,CA,903,1.0,1,32.71985,-117.16562,"$2,750/mo"
San Diego,CA,5572,5.0,5,32.969558,-117.167213,"$7,000/mo"
San Diego,CA,,,,32.813758,-117.178024,
San Diego,CA,2353,3.0,5,32.85628,-117.212448,"$3,995/mo"
San Diego,CA,756,2.0,3,32.705544,-117.08618,"$1,750/mo"
San Diego,CA,3071,3.5,4,32.954586,-117.24177,"$4,895/mo"
San Diego,CA,,,,32.750532,-117.157141,
San Diego,CA,985,2.0,2,32.747677,-117.165323,"$1,850/mo"
San Diego,CA,,,,32.795054,-117.124447,
San Diego,CA,1968,2.0,3,32.807465,-117.24835,"$5,200/mo"
San Diego,CA,1584,3.0,3,32.94343,-117.2383,"$3,200/mo"
San Diego,CA,,2.5,4,32.752437,-117.233919,"$3,500/mo"
San Diego,CA,,,,32.737796,-117.164271,
San Diego,CA,474,1.0,0,32.722468,-117.159108,"$1,800/mo"
San Diego,CA,1699,2.0,4,32.950144,-117.132516,"$3,300/mo"
San Diego,CA,850,1.5,2,32.765123,-117.11945,"$2,295/mo"
San Diego,CA,2548,3.0,4,32.936279,-117.07454,"$3,500/mo"
San Diego,CA,984,2.0,2,32.759877,-117.131784,"$1,850/mo"
San Diego,CA,1200,1.0,3,32.753917,-117.118858,"$2,250/mo"
San Diego,CA,1046,2.0,2,32.773058,-117.166144,"$2,400/mo"
San Diego,CA,850,1.0,2,32.747427,-117.143742,"$1,895/mo"
San Diego,CA,,,,32.962921,-117.232261,
San Diego,CA,,,,32.756738,-117.141456,
San Diego,CA,650,1.0,1,32.753604,-117.135469,"$1,850/mo"
San Diego,CA,,1.0,1,32.740268,-117.162169,"$1,825/mo"
San Diego,CA,918,2.0,2,32.9675,-117.23084,"$1,599/mo"
San Diego,CA,,,,32.77207,-117.201831,
San Diego,CA,,,,32.731731,-117.168426,
San Diego,CA,1132,2.0,2,32.71044,-117.15921,"$4,500/mo"
San Diego,CA,,,,32.998508,-117.068244,
San Diego,CA,,,,32.806205,-117.156041,
San Diego,CA,,,,32.791938,-117.24527,
San Diego,CA,,1.0,2,32.746777,-117.179369,"$2,045/mo"
San Diego,CA,750,1.0,1,33.02507,-117.104072,"$1,700/mo"
San diego,CA,724,1.0,2,32.738768,-117.13212,"$3,500/mo"
San Diego,CA,1400,2.0,3,32.8119,-117.183509,"$3,375/mo"
San Diego,CA,3054,2.5,4,32.78437,-117.05878,"$5,400/mo"
San Diego,CA,667,1.0,1,32.786758,-117.108124,"$1,750/mo"
San Diego,CA,,,,32.767541,-117.05816,
San Diego,CA,1350,2.0,2,32.743321,-117.163841,"$2,250/mo"
San Diego,CA,1300,2.0,3,32.56488,-117.08025,"$2,750/mo"
San Diego,CA,,,,32.770533,-117.04671,
San Diego,CA,825,1.0,2,32.74989,-117.24448,"$2,150/mo"
San Diego,CA,,,,32.569747,-117.0126,
San Diego,CA,1250,2.0,2,32.782198,-117.083285,"$1,695/mo"
San Diego,CA,1346,3.0,3,32.799337,-117.116477,"$3,200/mo"
San Diego,CA,,,,32.785235,-117.109274,
San Diego,CA,3122,2.0,3,32.720939,-117.112481,"$2,000/mo"
San Diego,CA,850,2.0,2,32.749037,-117.13721,"$2,190/mo"
San Diego,CA,,,,32.749539,-117.136125,
San Diego,CA,900,1.0,2,32.736696,-117.098182,"$1,700/mo"
San Diego,CA,,,,32.758297,-117.099874,
San Diego,CA,,,,32.762366,-117.12932,
San Diego,CA,900,2.0,2,32.74812,-117.155541,"$1,800/mo"
San Diego,CA,,,,32.721431,-117.164306,
San Diego,CA,,,,32.721431,-117.164306,
San Diego,CA,,,,32.767541,-117.05816,
San Diego,CA,1100,2.0,2,32.81422,-117.17923,"$2,195/mo"
San Diego,CA,500,1.0,1,32.798716,-117.250873,"$1,545/mo"
San Diego,CA,,,,32.749539,-117.136125,
San Diego,CA,832,1.0,2,32.742764,-117.227742,"$1,895/mo"
San Diego,CA,850,2.0,2,32.749037,-117.13721,"$2,190/mo"
San Diego,CA,,,,32.708987,-117.154838,
San Diego,CA,,,,32.762366,-117.12932,
San Diego,CA,900,1.0,2,32.736696,-117.098182,"$1,700/mo"
San Diego,CA,625,1.0,1,32.753625,-117.125578,"$1,795/mo"
San Diego,CA,,,,32.808781,-117.066466,
San Diego,CA,1300,2.0,3,32.56488,-117.08025,"$2,750/mo"
San Diego,CA,,,,32.715336,-117.143395,
San Diego,CA,667,1.0,1,32.786758,-117.108124,"$1,750/mo"
San Diego,CA,2445,2.5,4,32.954144,-117.205242,"$4,550/mo"
Del Mar,CA,,,,32.949255,-117.247418,
San Diego,CA,572,1.0,1,32.924355,-117.143468,"$1,750/mo"
San Diego,CA,2107,3.0,4,32.922995,-117.1453,"$3,200/mo"
San Diego,CA,1600,2.5,3,32.946756,-117.236679,"$3,475/mo"
San Diego,CA,618,1.0,1,32.956581,-117.094983,"$1,750/mo"
San Diego,CA,2025,2.5,4,32.926068,-117.1636,"$3,200/mo"
San Diego,CA,,,,32.926715,-117.14171,
San Diego,CA,2663,3.0,4,32.947711,-117.217276,"$4,495/mo"
San Diego,CA,,,,32.948027,-117.228654,
San Diego,CA,2348,3.0,4,32.969365,-117.173966,"$4,995/mo"
San Diego,CA,720,2.0,2,32.754368,-117.128574,"$2,300/mo"
San Diego,CA,1552,2.5,2,32.794558,-117.233186,"$3,300/mo"
San Diego,CA,750,1.0,2,32.746571,-117.124698,"$2,595/mo"
San Diego,CA,,,,32.911456,-117.225131,
San Diego,CA,306,1.0,0,32.746601,-117.133905,"$1,295/mo"
San Diego,CA,750,1.0,2,32.756646,-117.104281,"$1,895/mo"
San Diego,CA,670,1.0,1,32.76016,-117.085419,"$1,395/mo"
San Diego,CA,550,1.0,1,32.7549,-117.08578,"$1,300/mo"
San Diego,CA,520,1.0,1,32.78904,-117.23614,"$1,990/mo"
San Diego,CA,700,1.0,1,32.763108,-117.123757,"$1,500/mo"
San Diego,CA,,1.0,1,32.756512,-117.084525,"$1,450+/mo"
San Diego,CA,,,,32.795246,-117.239699,
San Diego,CA,1436,2.5,3,32.945323,-117.228566,"$3,750/mo"
San Diego,CA,1628,2.5,3,32.768869,-117.15598,"$2,750/mo"
San Diego,CA,,,,32.751077,-117.163605,
San Diego,CA,,,,32.769334,-117.087465,
San Diego,CA,2700,4.0,7,32.768144,-117.073097,"$6,300/mo"
San Diego,CA,,,,32.759296,-117.118534,
San Diego,CA,,,,32.709781,-117.156173,
San Diego,CA,,1.0,2,32.751714,-117.143407,"$1,895/mo"
San Diego,CA,1915,1.5,3,32.850989,-117.221472,"$3,475/mo"
San Diego,CA,650,1.0,1,32.756605,-117.120345,"$1,595/mo"
San Diego,CA,,1.0,2,32.700996,-117.108871,"$1,550/mo"
San Diego,CA,560,1.0,1,32.758707,-117.104692,"$1,495/mo"
San Diego,CA,1841,2.0,2,32.800846,-117.232856,"$3,900/mo"
San Diego,CA,,,,32.711002,-117.166344,
La Jolla,CA,2541,2.5,3,32.815379,-117.250535,"$5,500/mo"
San Diego,CA,669,1.0,1,32.798971,-117.092795,"$1,495/mo"
Del Mar,CA,1284,2.0,3,32.955376,-117.251402,"$4,950/mo"
San Diego,CA,,,,32.949451,-117.232037,
San Diego,CA,2101,2.5,2,32.865983,-117.206724,"$3,795/mo"
San Diego,CA,,,,32.867936,-117.22541,
San Diego,CA,,,,32.949081,-117.230511,
San Diego,CA,650,1.0,2,32.751243,-117.175034,"$1,600/mo"
San Diego,CA,794,1.5,2,32.758685,-117.068614,"$1,850/mo"
San Diego,CA,,1.0,2,32.762124,-117.147929,"$1,795/mo"
San Diego,CA,750,1.0,2,32.706978,-117.132256,"$2,020/mo"
San Diego,CA,,,,32.708138,-117.13929,
San Diego,CA,1883,2.0,2,32.727981,-117.110558,"$2,500/mo"
San Diego,CA,,1.0,1,32.76018,-117.08895,"$1,450/mo"
San Diego,CA,,,,32.936237,-117.224774,
San Diego,CA,2571,3.0,5,32.957948,-117.130826,"$3,200/mo"
San Diego,CA,,2.0,2,32.742222,-117.249794,"$1,995/mo"
San Diego,CA,750,1.0,1,32.735563,-117.25317,"$1,650/mo"
La Jolla,CA,2268,2.5,4,32.82048,-117.23517,"$4,950/mo"
San Diego,CA,1000,2.0,2,32.824379,-117.207,"$2,400/mo"
San Diego,CA,1052,2.0,2,32.92084,-117.11401,"$2,400/mo"
San Diego,CA,,,,32.721083,-117.166068,
San Diego,CA,832,1.0,2,32.744584,-117.144197,"$1,850/mo"
San Diego,CA,700,1.0,1,32.749643,-117.24985,"$2,995/mo"
San Diego,CA,650,1.0,1,32.738745,-117.228253,"$1,450/mo"
San Diego,CA,,1.0,2,32.788902,-117.204405,"$1,825/mo"
San Diego,CA,1934,2.5,3,33.011257,-117.078083,"$3,295/mo"
San Diego,CA,946,2.0,2,32.93764,-117.094079,"$2,395/mo"
San Diego,CA,,,,32.728734,-117.166942,
San Diego,CA,,1.0,1,32.756043,-117.099449,"$1,350/mo"
San Diego,CA,748,1.0,2,32.753192,-117.135467,"$2,150/mo"
San Diego,CA,,1.0,0,32.720658,-117.236101,"$1,295/mo"
San Diego,CA,960,2.0,2,32.810229,-117.255231,"$2,400/mo"
San Diego,CA,1471,2.5,2,32.736832,-117.159719,"$3,195/mo"
San Diego,CA,1280,2.0,2,33.008423,-117.06805,"$2,575/mo"
San Diego,CA,,1.0,2,32.79468,-117.124218,"$1,850/mo"
San Diego,CA,700,1.0,2,32.795536,-117.247198,"$2,095/mo"
San Diego,CA,,,,32.756883,-117.090814,
San Diego,CA,,,,32.795219,-117.123531,
San Diego,CA,,,,32.789634,-117.202579,
San Diego,CA,1176,2.0,3,32.717204,-117.10656,"$2,855/mo"
San Diego,CA,1700,2.0,4,32.770055,-117.081759,"$3,625/mo"
San Diego,CA,600,1.0,1,32.761409,-117.12208,"$1,350/mo"
San Diego,CA,1134,2.0,3,32.923606,-117.155297,"$2,750/mo"
San Diego,CA,1260,2.5,2,32.77872,-117.180309,"$2,975/mo"
San Diego,CA,1050,2.0,3,32.7584,-117.137243,"$2,395/mo"
San Diego,CA,600,1.0,1,32.83466,-117.176916,"$1,550/mo"
San Diego,CA,1533,2.5,3,32.945808,-117.235271,"$3,400/mo"
San Diego,CA,,,,32.752772,-117.111481,
San Diego,CA,1068,2.0,2,32.840817,-117.082705,"$2,395/mo"
San Diego,CA,1100,1.0,2,32.7611,-117.249491,"$3,000/mo"
San Diego,CA,,1.0,2,32.72693,-117.227944,"$1,950/mo"
San Diego,CA,1211,2.5,2,33.02378,-117.110436,"$2,550/mo"
San Diego,CA,535,1.0,1,32.749043,-117.156659,"$1,850/mo"
San Diego,CA,,,,32.869011,-117.226042,
San Diego,CA,500,6.0,0,32.75374,-117.097409,$950/mo
San Diego,CA,800,1.0,2,32.738811,-117.095785,"$2,100/mo"
San Diego,CA,600,1.0,1,32.75374,-117.097301,"$1,300/mo"
San Diego,CA,,,,32.743609,-117.130234,
San Diego,CA,987,2.0,2,32.797656,-117.191228,"$1,995/mo"
San Diego,CA,,,,32.729481,-117.168223,
San Diego,CA,,,,32.704256,-117.112359,
San Diego,CA,1150,2.0,3,32.777214,-117.175098,"$2,695/mo"
San Diego,CA,700,1.0,1,32.804229,-117.221417,"$1,650/mo"
San Diego,CA,,,,32.709724,-117.154188,
San Diego,CA,,,,32.723756,-117.159715,
San Diego,CA,,,,32.71123,-117.155868,
San Diego,CA,,,,32.803472,-117.233173,
San Diego,CA,,,,32.858838,-117.20737,
San Diego,CA,650,1.0,1,32.806933,-117.222084,"$1,600/mo"
San Diego,CA,600,1.0,2,32.791038,-117.240161,"$2,195/mo"
San Diego,CA,,,,32.571396,-117.079913,
San Diego,CA,1050,1.0,2,32.747025,-117.143382,"$2,595/mo"
San Diego,CA,1156,2.0,3,32.744173,-117.127462,"$2,450/mo"
San Diego,CA,650,1.0,1,32.943863,-117.232182,"$2,000/mo"
San Diego,CA,,,,32.976557,-117.071371,
San Diego,CA,1171,1.5,2,32.770508,-117.181585,"$2,095/mo"
San Diego,CA,,1.0,2,32.746304,-117.11341,"$1,750/mo"
San Diego,CA,800,1.0,2,32.787337,-117.237216,"$2,195/mo"
San Diego,CA,,1.0,1,32.712961,-117.06759,"$1,290/mo"
San Diego,CA,1200,2.0,2,32.768438,-117.086091,"$1,950/mo"
San Diego,CA,,,,32.718457,-117.1399,
San Diego,CA,,,,32.747971,-117.127465,
San Diego,CA,,1.0,1,32.75087,-117.098407,"$1,300+/mo"
San Diego,CA,,1.0,1,32.724263,-117.133579,"$1,600+/mo"
San Diego,CA,1274,2.5,2,32.929586,-117.199747,"$3,095/mo"
San Diego,CA,625,1.0,1,32.752096,-117.122095,"$1,495/mo"
San Diego,CA,,,,32.869166,-117.225837,
San Diego,CA,,,,32.758636,-117.117084,
San Diego,CA,3090,1.0,2,32.803901,-117.24154,"$1,850/mo"
San Diego,CA,600,1.0,1,32.797919,-117.239036,"$1,695/mo"
San Diego,CA,2000,3.0,4,32.722308,-117.114004,"$3,200/mo"
San Diego,CA,600,1.0,1,32.79419,-117.123223,"$1,595/mo"
San Diego,CA,,,,32.754663,-117.149113,
San Diego,CA,1458,2.5,3,32.720878,-117.166519,"$3,999/mo"
San Diego,CA,,,,32.720762,-117.157164,
San Diego,CA,,1.0,1,32.797742,-117.246984,"$1,650/mo"
San Diego,CA,800,1.0,2,32.750943,-117.241768,"$2,295/mo"
San Diego,CA,,1.0,2,32.798468,-117.25652,"$2,495/mo"
San Diego,CA,1300,2.5,3,32.74328,-117.25151,"$3,395/mo"
San Diego,CA,770,2.0,2,32.762101,-117.128604,"$2,250/mo"
San Diego,CA,,1.0,3,32.790425,-117.254042,"$2,895/mo"
San Diego,CA,1092,2.0,2,32.772565,-117.174191,"$2,600/mo"
San Diego,CA,2419,3.5,3,32.74573,-117.18162,"$6,250/mo"
San Diego,CA,1100,2.0,3,32.727666,-117.11501,"$3,600/mo"
San Diego,CA,,,,32.588147,-117.029837,
San Diego,CA,1203,2.0,2,32.811737,-117.251185,"$4,500/mo"
San Diego,CA,1284,2.5,3,32.753773,-117.120844,"$3,300/mo"
La Jolla,CA,,,,32.842681,-117.272976,
La Jolla,CA,,,,32.848807,-117.271537,
San Diego,CA,890,1.0,2,32.78895,-117.23658,"$2,998/mo"
San Diego,CA,,1.0,0,32.74741,-117.148549,"$1,350/mo"
San Diego,CA,1040,2.0,2,32.815845,-117.178249,"$1,950/mo"
San Diego,CA,831,2.0,2,32.91293,-117.13851,"$2,100/mo"
San Diego,CA,1000,,0,32.748215,-117.147609,"$1,650/mo"
San Diego,CA,,,,32.807648,-117.154911,
San Diego,CA,,,,32.799839,-117.25747,
San Diego,CA,750,1.0,2,32.758419,-117.088198,"$1,800/mo"
San Diego,CA,1357,2.0,5,32.771304,-117.056134,"$4,100/mo"
San Diego,CA,,,,32.769599,-117.198954,
San Diego,CA,800,1.0,1,32.733227,-117.160596,"$1,650/mo"
San Diego,CA,,,,32.71587,-117.159265,
San Diego,CA,500,1.0,1,32.753869,-117.143482,"$1,600/mo"
La Jolla,CA,,,,32.864953,-117.233224,
La Jolla,CA,,,,32.841371,-117.271245,
La Jolla,CA,,,,32.873752,-117.216824,
La Jolla,CA,,,,32.863357,-117.233833,
San Diego,CA,800,2.0,2,32.753726,-117.094752,"$1,750/mo"
San Diego,CA,,,,32.719219,-117.137221,
San Diego,CA,1400,2.0,3,32.782691,-117.060627,"$2,900/mo"
San Diego,CA,784,1.0,2,32.806162,-117.131075,"$1,750/mo"
San Diego,CA,600,1.0,1,32.91293,-117.13851,"$1,690/mo"
San diego,CA,1520,2.0,3,32.806555,-117.233917,"$4,200/mo"
San Diego,CA,,,,32.774268,-117.146872,
San Diego,CA,578,1.0,1,32.766767,-117.057191,"$1,450/mo"
San Diego,CA,1380,2.5,3,32.860809,-117.220818,"$3,495/mo"
San Diego,CA,1007,1.0,3,32.74034,-117.1095,"$2,500/mo"
San Diego,CA,927,2.0,2,32.957343,-117.123659,"$2,100/mo"
San Diego,CA,,,,32.697705,-117.134099,
San Diego,CA,600,1.0,1,32.752305,-117.116591,"$1,650/mo"
San Diego,CA,,,,32.722552,-117.159014,
San Diego,CA,2637,3.0,4,32.722248,-117.255984,"$5,600/mo"
San Diego,CA,,,,32.728879,-117.126096,
San Diego,CA,436,1.0,0,32.724519,-117.228895,"$1,300/mo"
San Diego,CA,1636,2.5,2,32.929867,-117.200414,"$3,850/mo"
San Diego,CA,3028,3.5,5,32.95655,-117.20531,"$5,750/mo"
San Diego,CA,,,,32.862302,-117.215335,
San Diego,CA,,,,32.949071,-117.229714,
San Diego,CA,,,,32.949071,-117.229714,
San Diego,CA,1250,1.5,2,32.763882,-117.132312,"$3,300/mo"
San Diego,CA,1200,2.5,2,32.950187,-117.109299,"$2,500/mo"
San Diego,CA,785,1.0,2,32.738552,-117.122378,"$2,395/mo"
La Jolla,CA,,,,32.869813,-117.235554,
San Diego,CA,,,,32.804434,-117.254358,
San Diego,CA,1406,2.5,2,32.788888,-117.105905,"$2,650/mo"
San Diego,CA,,,,32.77673,-117.130726,
San Diego,CA,1368,2.5,3,32.9393,-117.23591,"$3,000/mo"
San Diego,CA,,,,32.826175,-117.137598,
San Diego,CA,,,,32.763922,-117.119868,
San Diego,CA,,,,32.763938,-117.131785,
Del Mar,CA,2300,4.0,4,32.933358,-117.250425,"$7,900/mo"
La Jolla,CA,,,,32.847897,-117.276197,
San Diego,CA,1902,2.5,3,32.909198,-117.201231,"$3,600/mo"
Del Mar,CA,,,,32.952305,-117.246221,
La Jolla,CA,636,1.0,1,32.857189,-117.232456,"$1,600/mo"
San Diego,CA,700,1.0,1,32.705798,-117.087812,"$1,495/mo"
San Diego,CA,1325,2.0,2,32.736241,-117.162411,"$3,850/mo"
San Diego,CA,,,,32.802745,-117.237452,
San Diego,CA,500,1.0,1,32.748724,-117.250487,"$1,650/mo"
San Diego,CA,500,1.0,1,32.76303,-117.129352,"$1,300/mo"
SAN DIEGO,CA,2945,2.5,5,32.7841,-117.19134,"$4,800/mo"
San Diego,CA,800,2.0,2,32.823873,-117.180943,"$1,900/mo"
San Diego,CA,,1.0,1,32.695687,-117.114893,"$1,350/mo"
San Diego,CA,2171,2.5,3,32.810425,-117.230542,"$3,900/mo"
San Diego,CA,,,,32.712262,-117.164074,
San Diego,CA,1334,1.5,3,32.781489,-117.10771,"$3,450/mo"
San Diego,CA,820,1.0,2,32.758254,-117.117548,"$1,750/mo"
San Diego,CA,1200,1.0,3,32.767584,-117.116336,"$3,495/mo"
San Diego,CA,1150,1.0,2,32.581319,-117.099487,"$1,695/mo"
San Diego,CA,1000,2.0,2,32.737869,-117.254849,"$4,000/mo"
San Diego,CA,1492,2.0,4,32.767415,-117.078532,"$3,295/mo"
San Diego,CA,1080,2.0,2,32.868302,-117.227875,"$2,350/mo"
San Diego,CA,,,,32.949618,-117.229256,
San Diego,CA,575,1.0,1,32.728372,-117.167422,"$1,450/mo"
San Diego,CA,1218,1.5,3,32.733618,-117.125269,"$2,400/mo"
San Diego,CA,700,1.0,1,32.751026,-117.141442,"$1,550/mo"
San Diego,CA,525,1.0,1,32.725617,-117.163869,"$1,395/mo"
San Diego,CA,,2.0,2,32.806928,-117.257753,"$2,850/mo"
San Diego,CA,,1.0,3,32.741169,-117.160077,"$2,400/mo"
San Diego,CA,1585,2.5,3,32.959894,-117.117047,"$3,250/mo"
San Diego,CA,1139,2.0,3,32.775562,-117.051226,"$2,400/mo"
San Diego,CA,400,1.0,1,32.727561,-117.224981,"$1,325/mo"
San Diego,CA,,,,32.711246,-117.150655,
San Ysidro,CA,478,1.0,1,32.561726,-117.045478,"$1,400/mo"
San Diego,CA,1200,1.0,2,32.751091,-117.141442,"$2,395/mo"
San Diego,CA,1116,2.0,3,32.781895,-117.079267,"$2,250/mo"
San Diego,CA,,1.0,2,32.757103,-117.140519,"$1,795/mo"
San Diego,CA,3985,4.5,5,32.95705,-117.14758,"$5,000/mo"
San Diego,CA,,,,32.762746,-117.114413,
San Diego,CA,,,,32.72887,-117.227342,
San Diego,CA,800,1.0,2,32.751607,-117.132989,"$1,790/mo"
San Diego,CA,850,1.0,2,32.745069,-117.25447,"$2,238/mo"
San Diego,CA,1500,3.0,3,32.742156,-117.234739,"$3,195/mo"
San Diego,CA,600,1.0,1,32.728904,-117.164659,"$1,750/mo"
San Diego,CA,1100,2.0,3,32.744,-117.10044,"$2,000/mo"
San diego,CA,1302,2.5,2,32.726332,-117.114335,"$2,695/mo"
San Diego,CA,2138,2.5,4,32.92053,-117.14077,"$4,600/mo"
San Diego,CA,,,,32.775038,-117.050022,
San Diego,CA,1310,2.0,3,32.74421,-117.1328,"$3,450/mo"
San Diego,CA,906,2.0,2,32.801586,-117.240342,"$2,450/mo"
San Diego,CA,1300,2.0,2,32.731037,-117.165453,"$2,450/mo"
San Diego,CA,2317,3.5,4,32.960192,-117.160064,"$3,600/mo"
San Diego,CA,,1.0,2,32.76059,-117.06217,"$1,595/mo"
San Diego,CA,,,,32.90392,-117.124958,
San Diego,CA,3107,3.5,4,32.964101,-117.145651,"$4,500/mo"
San Diego,CA,500,1.0,1,32.706124,-117.125983,"$1,400/mo"
San Diego,CA,450,1.0,1,32.671137,-117.05467,"$1,650/mo"
San Diego,CA,,,,32.751168,-117.166479,
San Diego,CA,952,1.5,3,32.834663,-117.200893,"$2,200/mo"
San Diego,CA,,,,32.768363,-117.0872,
San Diego,CA,1184,2.0,4,32.711357,-117.020269,"$2,595/mo"
San Diego,CA,,,,32.70982,-117.16255,
San Diego,CA,1946,2.0,3,32.747859,-117.219066,"$3,400/mo"
San Diego,CA,635,1.0,1,32.767781,-117.175076,"$1,898/mo"
San Diego,CA,450,1.0,1,32.770111,-117.047677,"$1,395/mo"
San Diego,CA,3438,4.5,4,33.030254,-117.111176,"$4,200/mo"
San Diego,CA,,,,32.767975,-117.174846,
San Diego,CA,500,1.0,1,32.755305,-117.083928,"$1,250/mo"
San Diego,CA,,,,32.710025,-117.153418,
San Diego,CA,440,1.0,1,32.751081,-117.192383,"$1,395/mo"
San Diego,CA,725,1.0,2,32.711408,-117.141988,"$1,890/mo"
San Diego,CA,1100,2.0,2,32.755871,-117.08187,"$2,495/mo"
San Diego,CA,922,2.0,2,32.744492,-117.145762,"$1,795/mo"
La Jolla,CA,720,1.0,1,32.836776,-117.277909,"$2,675/mo"
San Diego,CA,500,1.0,1,32.729906,-117.130851,"$1,895/mo"
San Diego,CA,650,1.0,1,32.718682,-117.132904,"$1,795/mo"
San Diego,CA,450,1.0,1,32.756991,-117.126621,"$1,300/mo"
San Diego,CA,,1.0,2,32.753355,-117.128055,"$1,650/mo"
San Diego,CA,1100,2.0,2,32.802082,-117.251708,"$2,695/mo"
San Diego,CA,1542,2.5,3,32.918704,-117.142411,"$2,900/mo"
San Diego,CA,,,,32.675876,-117.041731,
San Diego,CA,500,1.0,0,32.726877,-117.169647,"$1,295/mo"
San Diego,CA,450,1.0,0,32.727798,-117.160548,"$1,475/mo"
San Diego,CA,1520,1.5,2,32.812117,-117.251144,"$3,300/mo"
San Diego,CA,,,,32.79302,-117.242363,
San Diego,CA,,2.0,3,32.758215,-117.149665,"$2,200/mo"
San Diego,CA,,,,32.860202,-117.219687,
San Diego,CA,850,1.0,2,32.712209,-117.084019,"$1,795/mo"
San Diego,CA,500,1.0,2,32.727688,-117.052369,"$1,600/mo"
San Diego,CA,1180,1.0,2,32.769502,-117.046061,"$2,100/mo"
San Diego,CA,1000,1.0,2,32.796574,-117.250298,"$2,249/mo"
San Diego,CA,415,1.0,0,32.804813,-117.155147,"$1,300/mo"
San Diego,CA,,,,32.815101,-117.084763,
San Diego,CA,925,2.0,2,32.814608,-117.08443,"$2,005/mo"
San Diego,CA,602,1.0,1,32.95893,-117.110338,"$1,600/mo"
San Diego,CA,,,,32.766837,-117.173183,
San Diego,CA,1000,1.0,3,32.81026,-117.25667,"$2,995/mo"
San Diego,CA,,1.0,3,32.807851,-117.257312,"$2,995/mo"
San Diego,CA,,,,32.949818,-117.228312,
San Diego,CA,646,1.0,2,32.752623,-117.142314,"$1,700/mo"
San Diego,CA,1036,1.0,1,32.708916,-117.162494,"$4,500/mo"
San Diego,CA,600,1.0,1,32.747298,-117.245411,"$1,790/mo"
San Diego,CA,400,1.0,1,32.800263,-117.231024,"$1,750/mo"
San Diego,CA,800,1.0,2,32.797901,-117.231639,"$1,990/mo"
San Diego,CA,569,1.0,1,32.728285,-117.126626,"$1,445/mo"
San Diego,CA,912,1.0,2,32.739818,-117.124742,"$2,700/mo"
San Diego,CA,,,,32.727807,-117.170222,
San Diego,CA,400,1.0,0,32.753486,-117.247699,"$1,500/mo"
San Diego,CA,700,1.0,2,32.71804,-117.02958,"$2,275/mo"
San Diego,CA,720,1.0,1,32.748267,-117.093062,"$1,450/mo"
San Diego,CA,2300,3.0,5,32.782624,-117.057828,"$3,450/mo"
San Diego,CA,900,1.0,1,32.742866,-117.144723,"$1,650/mo"
San Diego,CA,595,1.0,2,32.74798,-117.106668,"$1,645/mo"
San Diego,CA,,1.0,2,32.729433,-117.166491,"$1,900/mo"
San Diego,CA,646,1.0,2,32.752623,-117.142314,"$1,700/mo"
San Diego,CA,400,1.0,1,32.753374,-117.247795,"$1,895/mo"
San Diego,CA,1036,1.0,1,32.708916,-117.162494,"$4,500/mo"
San Diego,CA,1930,2.0,3,32.761251,-117.15773,"$4,350/mo"
San Diego,CA,800,1.0,2,32.75801,-117.08771,"$2,350/mo"
San Diego,CA,912,1.0,2,32.739818,-117.124742,"$2,700/mo"
San Diego,CA,400,1.0,1,32.800263,-117.231024,"$1,750/mo"
San Diego,CA,800,1.0,2,32.797901,-117.231639,"$1,990/mo"
San Diego,CA,569,1.0,1,32.728285,-117.126626,"$1,445/mo"
San Diego,CA,480,1.0,0,32.744309,-117.253232,"$1,350/mo"
San Diego,CA,,1.0,0,32.724248,-117.16235,"$1,250/mo"
San Diego,CA,,,,32.727807,-117.170222,
San Diego,CA,,,,32.720889,-117.166061,
San Diego,CA,750,1.0,2,32.749477,-117.249636,"$2,195/mo"
San Diego,CA,400,1.0,0,32.753486,-117.247699,"$1,500/mo"
San Diego,CA,1505,2.5,3,32.982568,-117.067582,"$3,195/mo"
La Jolla,CA,1206,2.0,2,32.837804,-117.279175,"$5,495/mo"
La Jolla,CA,691,1.0,1,32.862949,-117.235669,"$2,095/mo"
San Diego,CA,1134,2.0,3,32.91881,-117.155182,"$2,600/mo"
La Jolla,CA,,,,32.852432,-117.251272,
San Diego,CA,2000,3.0,4,32.854543,-117.206686,"$3,850/mo"
La Jolla,CA,,,,32.871079,-117.220343,
La Jolla,CA,515,1.0,0,32.84187,-117.280118,"$1,750/mo"
La Jolla,CA,,,,32.858803,-117.234007,
San Diego,CA,,,,32.867488,-117.221062,
San Diego,CA,,,,33.026519,-117.080871,
San Diego,CA,900,1.5,2,32.904029,-117.117456,"$2,100/mo"
San Diego,CA,,,,33.001452,-117.066669,
San Diego,CA,,,,32.722625,-117.157023,
SAN DIEGO,CA,1850,2.5,4,32.94941,-117.13946,"$3,300/mo"
San Diego,CA,443,1.0,0,32.72198,-117.1593,"$1,650/mo"
San Diego,CA,1715,2.0,4,32.847614,-117.207993,"$4,500/mo"
San Diego,CA,450,1.0,0,32.826938,-117.20519,"$1,350/mo"
San Diego,CA,2352,3.0,5,32.847991,-117.207125,"$5,500/mo"
San Diego,CA,1381,2.0,3,32.716081,-117.151101,"$3,570/mo"
San Diego,CA,1300,2.5,3,32.734001,-117.245431,"$3,495/mo"
San Diego,CA,1200,1.5,3,32.747466,-117.16916,"$2,795/mo"
San Diego,CA,1200,1.0,3,32.79527,-117.2473,"$4,000/mo"
San Diego,CA,2200,2.5,4,32.838555,-117.10269,"$4,000/mo"
La Jolla,CA,1416,2.5,3,32.854621,-117.234974,"$3,200/mo"
San Diego,CA,2342,3.0,4,32.7431,-117.17405,"$5,750/mo"
San Diego,CA,1655,3.0,3,32.798104,-117.254366,"$5,000/mo"
San Diego,CA,1416,3.0,3,32.731557,-117.167221,"$3,500/mo"
San Diego,CA,,,,32.781218,-117.133863,
San Diego,CA,1636,2.5,3,32.930121,-117.19951,"$3,400/mo"
San Diego,CA,500,1.0,1,32.7143,-117.1296,"$1,600/mo"
San Diego,CA,561,1.0,1,32.748249,-117.229537,"$1,750/mo"
San Diego,CA,777,1.0,1,32.946001,-117.236716,"$2,100/mo"
San Diego,CA,,,,32.718587,-117.168424,
San Diego,CA,,,,32.881698,-117.212625,
San Diego,CA,1164,2.0,2,33.002066,-117.067379,"$2,100/mo"
San Diego,CA,,,,32.768561,-117.17413,
San Diego,CA,750,1.0,2,32.753209,-117.248984,"$2,470/mo"
La Jolla,CA,1600,2.0,3,32.861345,-117.253712,"$6,700/mo"
San Diego,CA,,1.0,1,32.749843,-117.246067,"$2,000/mo"
San Diego,CA,,,,32.731053,-117.164391,
San Diego,CA,725,1.0,1,32.715094,-117.138351,"$1,625/mo"
San Diego,CA,500,1.0,0,32.782626,-117.205654,"$1,800/mo"
San Diego,CA,750,1.0,2,32.76101,-117.13266,"$1,650/mo"
San Diego,CA,2372,2.5,3,32.924964,-117.230361,"$4,200/mo"
San Diego,CA,450,1.0,1,32.758688,-117.133537,"$1,600/mo"
San Diego,CA,1535,3.0,3,33.00806,-117.07756,"$2,700/mo"
San Diego,CA,780,2.0,2,32.74928,-117.18944,"$3,000/mo"
San Diego,CA,,1.0,1,32.762645,-117.120946,"$1,550/mo"
San Diego,CA,,,,32.762506,-117.138475,
San Diego,CA,535,1.0,1,32.870596,-117.223701,"$1,650/mo"
San Diego,CA,,1.0,1,32.747625,-117.164675,"$1,600/mo"
San Diego,CA,882,1.0,1,32.72673,-117.168936,"$2,295/mo"
San Diego,CA,,,,32.75018,-117.124463,
San Diego,CA,525,1.0,1,32.762475,-117.138478,"$1,600/mo"
San Diego,CA,800,1.0,1,32.759214,-117.122685,"$1,850/mo"
San Diego,CA,1202,2.5,2,32.947944,-117.229862,"$2,850/mo"
San Diego,CA,1600,2.0,3,32.788055,-117.237979,"$3,450/mo"
San Diego,CA,1804,2.5,3,32.956789,-117.21793,"$4,100/mo"
San Diego,CA,1804,2.5,3,32.956789,-117.21793,"$4,100/mo"
San Diego,CA,,,,32.751523,-117.162447,
San Diego,CA,,,,32.976841,-117.070776,
San Diego,CA,1364,2.0,2,32.795408,-117.19139,"$2,995/mo"
San Diego,CA,,1.0,2,32.725917,-117.12711,"$1,900/mo"
San Diego,CA,1531,2.0,2,32.734187,-117.163503,"$2,995/mo"
San Diego,CA,951,2.0,2,32.722609,-117.157937,"$2,295/mo"
San Diego,CA,1210,3.0,2,32.829376,-117.227884,"$2,950/mo"
San Diego,CA,,,,32.720174,-117.16621,
San Diego,CA,600,1.0,1,32.757933,-117.147274,"$1,425/mo"
San Diego,CA,,,,32.722261,-117.168565,
San Diego,CA,957,2.0,2,32.707738,-117.137927,"$2,350/mo"
San Diego,CA,688,1.0,1,32.801836,-117.046727,"$1,575/mo"
La Jolla,CA,,,,32.861905,-117.233838,
San Diego,CA,,,,32.762976,-117.111296,
San Diego,CA,,,,32.779277,-117.152696,
San Diego,CA,,,,32.780336,-117.153655,
San Diego,CA,655,1.0,1,32.77581,-117.133656,"$1,795/mo"
San Diego,CA,800,1.0,2,32.803902,-117.220537,"$2,250/mo"
San Diego,CA,2000,2.0,5,32.836871,-117.186665,"$5,400/mo"
San Diego,CA,1089,1.0,3,32.742693,-117.143933,"$2,800/mo"
San Diego,CA,925,2.0,2,32.813602,-117.082898,"$2,005/mo"
San Diego,CA,1374,3.0,3,32.782176,-117.251769,"$11,000/mo"
San Diego,CA,450,1.0,1,32.74935,-117.19504,"$1,450/mo"
San Diego,CA,950,1.0,2,32.756531,-117.118232,"$2,525/mo"
San Diego,CA,500,1.0,0,32.750135,-117.17076,$952/mo
San Diego,CA,,,,32.767218,-117.157476,
San Diego,CA,,,,32.778917,-117.154647,
San Diego,CA,,1.0,2,32.752533,-117.137407,"$1,695/mo"
San Diego,CA,1151,2.0,2,32.944007,-117.089759,"$2,895/mo"
San Diego,CA,688,1.0,1,33.003883,-117.089305,"$1,750/mo"
San Diego,CA,1197,1.5,3,32.861649,-117.218196,"$2,800/mo"
San Diego,CA,920,2.0,2,32.909,-117.1661,"$2,095/mo"
San Diego,CA,1400,2.0,4,32.857962,-117.191916,"$3,700/mo"
Del Mar,CA,3950,4.5,4,32.983147,-117.221774,"$16,000/mo"
San Diego,CA,,,,32.901474,-117.087487,
San Diego,CA,,1.0,2,32.80229,-117.23378,"$2,100/mo"
San Diego,CA,920,2.0,2,32.917263,-117.142919,"$2,200/mo"
San Diego,CA,2013,3.0,4,32.797942,-117.229116,"$5,000/mo"
La Jolla,CA,1016,1.0,1,32.866021,-117.234298,"$2,190/mo"
San Diego,CA,,,,32.916746,-117.144408,
San Diego,CA,887,1.0,1,32.944819,-117.23367,"$1,985/mo"
San Diego,CA,1848,2.5,4,32.920119,-117.077401,"$3,200/mo"
San Diego,CA,,,,32.94731,-117.09324,
San Diego,CA,600,1.0,1,32.74877,-117.15639,"$1,850/mo"
San Diego,CA,,,,32.7468,-117.147931,
San Diego,CA,800,1.5,1,32.98227,-117.165343,"$1,317/mo"
San Diego,CA,1150,2.0,3,32.753338,-117.132997,"$2,850/mo"
San Diego,CA,1234,2.0,3,32.717684,-117.122961,"$3,850/mo"
San Diego,CA,1116,2.5,2,32.950333,-117.229346,"$2,700/mo"
San Diego,CA,1770,2.5,2,32.710783,-117.173796,"$6,500/mo"
San Diego,CA,803,1.0,2,32.732278,-117.104849,"$2,400/mo"
San Diego,CA,2639,4.0,5,32.94314,-117.144048,"$4,300/mo"
La Jolla,CA,1968,3.0,4,32.846806,-117.255353,"$7,500/mo"
San Diego,CA,625,1.0,1,32.813516,-117.083541,"$1,695/mo"
San Diego,CA,1350,2.0,3,32.86125,-117.21482,"$2,900/mo"
San Diego,CA,875,1.0,2,32.813553,-117.084237,"$2,140/mo"
San Diego,CA,,,,32.729497,-117.161695,
San Diego,CA,720,1.0,1,32.74972,-117.138446,"$1,550/mo"
San Diego,CA,,,,32.701065,-117.11053,
La Jolla,CA,,,,32.858064,-117.232301,
San Diego,CA,,,,32.944243,-117.086874,
San Diego,CA,1200,2.0,3,32.835115,-117.19073,"$2,990/mo"
San Diego,CA,1306,2.5,2,33.009698,-117.124128,"$2,750/mo"
San Diego,CA,1708,2.0,3,32.999383,-117.064902,"$2,950/mo"
San Diego,CA,1315,2.0,2,32.751106,-117.21589,"$3,095/mo"
San Diego,CA,,,,32.863511,-117.199171,
San Diego,CA,,,,33.021009,-117.10842,
San Diego,CA,600,1.0,1,32.797466,-117.232824,"$2,095/mo"
La Jolla,CA,,,,32.860186,-117.234888,
San Diego,CA,400,1.0,1,32.7319,-117.163015,"$1,400/mo"
San Diego,CA,,,,32.80881,-117.25709,
San Diego,CA,,,,32.717156,-117.118707,
San Diego,CA,700,1.0,1,32.76144,-117.25152,"$2,200/mo"
San Diego,CA,882,1.0,2,32.862642,-117.214385,"$2,250/mo"
San Diego,CA,1404,2.0,2,32.748675,-117.06926,"$1,995/mo"
San Diego,CA,600,1.0,1,32.797565,-117.23294,"$1,950/mo"
San Diego,CA,1504,2.0,4,32.81308,-117.1817,"$3,350/mo"
San Diego,CA,924,1.0,2,32.967717,-117.096811,"$2,000/mo"
San Diego,CA,1553,2.5,3,32.897745,-117.204941,"$2,600/mo"
San Diego,CA,,1.0,1,32.748284,-117.102887,"$1,395/mo"
San Diego,CA,2378,3.0,4,32.96428,-117.191155,"$4,300/mo"
San Diego,CA,980,1.0,2,32.69878,-117.140964,"$2,300/mo"
San Diego,CA,650,1.0,1,32.698735,-117.140901,"$1,900/mo"
San Diego,CA,760,1.0,2,32.759608,-117.122575,"$1,950/mo"
San Diego,CA,,,,32.709728,-117.160566,
San Diego,CA,,,,32.760332,-117.138487,
San Diego,CA,475,1.0,1,32.698802,-117.140758,"$1,600/mo"
San Diego,CA,,,,32.713341,-117.168678,
San Diego,CA,,,,33.020634,-117.060001,
San Diego,CA,750,1.0,2,32.958419,-117.111304,"$1,825/mo"
San Diego,CA,850,1.0,2,32.7485,-117.1252,"$1,875/mo"
San Diego,CA,600,1.0,1,32.775129,-117.132857,"$1,795/mo"
San Diego,CA,655,1.0,1,32.776773,-117.132521,"$2,095/mo"
San Diego,CA,850,1.0,2,32.805166,-117.220175,"$2,100/mo"
San Diego,CA,743,2.0,2,32.749102,-117.137924,"$2,350/mo"
San Diego,CA,600,1.0,1,32.730336,-117.162739,"$1,725/mo"
San Diego,CA,2092,3.0,3,32.943669,-117.0835,"$3,450/mo"
San Diego,CA,1500,3.0,3,32.749642,-117.240054,"$2,995/mo"
San Diego,CA,,1.5,2,32.754433,-117.121431,"$1,750/mo"
San Diego,CA,,,,32.803106,-117.237232,
San Diego,CA,675,1.0,1,32.72677,-117.11528,"$1,845/mo"
San Diego,CA,878,2.0,2,32.789878,-117.167098,"$2,100/mo"
San Diego,CA,1000,2.0,2,32.755074,-117.151688,"$2,595/mo"
San Diego,CA,700,1.0,2,32.764989,-117.118025,"$2,495/mo"
San Diego,CA,750,1.0,2,32.75954,-117.116091,"$2,095/mo"
La Jolla,CA,1400,2.5,2,32.865571,-117.233808,"$3,200/mo"
San Diego,CA,,,,32.86452,-117.226355,
San Diego,CA,,,,32.770505,-117.164662,
San Diego,CA,1202,2.5,2,32.948613,-117.229844,"$2,700/mo"
San Ysidro,CA,,,,32.556254,-117.055539,
San Diego,CA,,,,32.74917,-117.149159,
San Diego,CA,,1.0,1,32.76225,-117.123628,"$2,095+/mo"
San Diego,CA,510,1.0,1,32.746943,-117.145301,"$1,515/mo"
San Diego,CA,650,1.0,1,32.753406,-117.160168,"$1,495/mo"
San Diego,CA,,,,32.769179,-117.18926,
San Diego,CA,1000,2.0,3,32.70225,-117.125748,"$2,500/mo"
San Diego,CA,1754,2.5,3,32.779836,-117.147925,"$3,900/mo"
San Diego,CA,,,,32.750484,-117.152264,
San Diego,CA,,,,32.712021,-117.162428,
San Diego,CA,530,1.0,1,32.746724,-117.149775,"$1,500/mo"
San Diego,CA,,,,32.72451,-117.170026,
San Diego,CA,,,,32.746585,-117.179542,
San Diego,CA,,,,32.94388,-117.237528,
SAN DIEGO,CA,3075,3.0,5,33.004779,-117.11568,"$4,200/mo"
San Diego,CA,1454,3.0,3,32.997999,-117.07016,"$2,750/mo"
San Diego,CA,1200,2.5,2,32.73726,-117.17339,"$4,000/mo"
San Diego,CA,900,1.5,2,32.756715,-117.11222,"$2,150/mo"
San Diego,CA,,,,32.734375,-117.17048,
San Diego,CA,839,2.0,2,32.751067,-117.10532,"$2,100/mo"
San Diego,CA,,,,32.879381,-117.210623,
San Diego,CA,,,,32.710258,-117.1461,
San Diego,CA,850,1.0,2,32.904736,-117.137486,"$2,195/mo"
San Diego,CA,,,,32.750435,-117.163733,
San Diego,CA,1315,2.0,3,32.781759,-117.109338,"$2,695/mo"
San Diego,CA,741,1.0,1,32.91957,-117.114333,"$2,310/mo"
San Diego,CA,1221,1.5,3,32.859029,-117.22035,"$2,850/mo"
San Diego,CA,,,,32.71595,-117.159868,
San Diego,CA,1300,1.0,2,32.75708,-117.0613,"$2,300/mo"
San Diego,CA,1540,2.0,3,32.768701,-117.06357,"$3,600/mo"
San Diego,CA,,,,32.716388,-117.154124,
San Diego,CA,600,1.0,1,32.756054,-117.083919,"$1,499/mo"
San Diego,CA,,,,32.759397,-117.150385,
San Diego,CA,2807,2.5,4,32.948694,-117.222099,"$4,200/mo"
San Diego,CA,,,,32.749314,-117.163898,
San Diego,CA,2077,2.5,4,32.939908,-117.160275,"$3,400/mo"
San Diego,CA,,,,32.709864,-117.152521,
San Diego,CA,,,,32.957276,-117.12231,
San Diego,CA,,,,32.711805,-117.15313,
San Diego,CA,,,,32.798217,-117.094167,
San Diego,CA,,,,32.748869,-117.166962,
San Diego,CA,,,,32.773412,-117.151286,
San Diego,CA,,,,32.712082,-117.150823,
San Diego,CA,865,1.0,2,32.77791,-117.20562,"$2,925/mo"
La Jolla,CA,1000,2.0,2,32.840047,-117.275855,"$2,850/mo"
San Diego,CA,1400,2.5,2,32.752217,-117.150896,"$3,100/mo"
San Diego,CA,,,,32.78434,-117.113281,
San Diego,CA,1230,2.0,2,33.001418,-117.08303,"$2,595/mo"
San Diego,CA,,,,32.725975,-117.168594,
San Diego,CA,,,,32.947187,-117.235589,
